0.1394244,0.1060655,0.05323285
0.2467562,-0.3395768,0.05549859
0.6218678,-0.03276554,-0.2817061
-0.0128518,-0.4678663,-0.06508942
0.3361329,-0.3347362,0.0278084
0.2589744,-0.328979,0.4737502
0.2791231,0.3615051,0.1423961
0.7287306,-0.6083062,0.835075
0.7104763,-0.7344745,-0.2852518
0.2168258,-0.798755,-0.07838635
0.5722619,-0.232267,-0.2019479
0.1942751,-0.4561018,0.4754297
-0.04512304,-0.7503891,0.3584226
0.4122816,-1.176124,0.369484
0.3603196,-0.8446594,0.5585752
0.4537238,-0.3728689,-0.535018
0.4883735,-0.3778549,-0.1908201
-0.04912139,-0.3752844,-0.04649733
0.3890006,-0.7812264,-0.06743705
-0.05075668,-0.6178848,0.4748966
0.4790066,-0.2895415,0.2691073
0.01321432,-0.2938255,-0.1616097
0.6237654,-0.0454787,0.08661357
0.7444326,-0.733605,0.2176329
0.01420002,-0.08085825,0.2941164
0.4231384,-0.1979429,0.2644441
-0.2298306,-0.5451329,0.5679855
0.4402285,-0.4187748,-0.1305066
0.8698727,-0.5464378,0.3668564
0.1452685,-0.1590258,0.3737017
0.6044022,-0.2432469,-0.1535235
0.3012736,-0.3346328,0.3014978
0.3893778,-0.3935736,0.3984645
0.3087553,-0.1990596,-0.6043718
0.442365,0.0107904,-0.4221345
0.5359598,-0.3348374,-0.2464475
-0.1451373,-0.6390147,0.0682639
0.9411516,-0.4299332,0.2434787
0.5329041,-0.1361041,-0.04325817
0.5681966,-0.2593076,0.2833946
0.3067019,-0.2310448,-0.2885254
0.1468186,-0.2640213,0.3105947
0.2611223,-0.6912056,0.4976635
0.2113746,-0.4525634,0.3404337
0.4134657,-0.7191394,0.3696098
0.1218646,0.1788343,-0.1590469
0.4515169,-0.9754317,0.1863796
0.2918092,0.08074401,-0.1014086
0.3300668,-0.2943446,-0.08180402
0.5260523,-0.4999624,0.2530392
0.0139284,-0.6306058,0.3722667
0.1411388,-0.287647,0.006153639
0.6789401,0.3051135,-0.3382176
0.31016,-0.1105223,0.08239914
0.1910012,-0.654609,0.1905883
0.2181306,-1.084861,0.3565894
0.5187827,-0.6476958,-0.2416529
0.4199753,-0.2258813,0.2965789
0.6439198,-0.04240161,-0.06487647
0.01328398,-1.02614,0.5786737
0.4076831,-0.4693783,0.01423939
0.2702481,0.24974,0.1442656
0.5669794,-0.4033504,-0.02759601
0.5422474,-0.7489485,-0.384711
-0.01729651,-0.3269743,0.02141254
0.7458957,-0.6998653,0.7416248
0.4652151,-0.1079733,-0.05563843
0.3823978,-0.3564155,0.512643
0.4105481,-0.2169566,-0.5608536
-0.001897857,-0.209503,-0.5093542
0.5280545,-0.06805715,-0.06139606
0.3665785,-0.2992164,0.3325501
0.7583812,-0.4408773,-0.4910282
-0.09856689,-0.2747574,0.4186094
0.5405289,-0.09402585,-0.01958317
0.1465787,-0.1583257,0.3580006
0.4865517,-0.1504374,-0.04158555
0.1670763,-0.6825045,0.5713764
0.03134577,0.02858918,0.09315764
0.02771366,-0.8472946,0.6853946
0.4433407,-0.3017969,0.04087839
0.3496009,-0.4490305,-0.2928108
0.551675,-0.1182093,0.005967736
0.4955687,-0.4001111,-0.01092704
0.6198143,-0.05886573,-0.06640927
0.3204714,-0.375201,-0.1125071
0.4574766,-0.1507667,0.204963
0.04238434,-0.2782022,0.4098141
0.6393201,-0.7692838,0.01301035
0.1408846,0.120939,0.292004
0.1820502,-0.5969334,0.4991171
0.2316072,-0.6670334,0.4218469
-0.0479572,-0.2434212,-0.03698854
0.1856449,-0.1978864,-0.04569256
0.6593673,-0.04844269,0.05033913
0.2465481,-0.8228849,-0.231905
-0.3126521,-0.4309313,0.1976335
0.2705779,-0.07016323,0.1213618
0.425081,-0.2368091,-0.1113302
-0.1603086,-0.3861749,-0.02885544
0.1981643,-0.6793066,0.9924878
0.1831219,-0.4622151,0.2931769
0.2040014,-0.2244719,-0.08500906
-0.05601223,-0.4787723,0.3349554
0.9502835,-0.4281657,0.7668763
0.6734917,-0.03638116,0.02829067
0.8648468,-0.2388662,0.5451986
0.3915281,-0.2907939,0.2871502
0.6135296,-0.05498827,0.05089291
0.8086044,-0.4228062,0.6017689
-0.2194669,-0.2051775,0.5553759
0.3617875,-0.6079605,0.1869083
0.1328563,-0.0748087,-0.1255083
0.2366929,-0.3123029,-0.2039137
0.4038632,-0.6090723,0.4539015
0.3563297,-0.532031,0.3831643
0.4918787,-0.1069039,-0.1363321
0.007728577,-0.8343216,0.5849919
0.3846079,-0.7021356,0.4008417
0.1897079,0.1793823,0.2213072
0.4477439,-0.7506665,-0.3626877
0.2566318,-0.1633864,-0.1476415
0.06432021,-0.1322069,0.4355162
0.2051913,-0.7912991,-0.1106246
0.02821891,-0.7871279,0.9095485
0.4630014,-0.2672092,0.2390523
0.6147989,-0.2669224,-0.1975802
0.3759587,0.1275973,-0.0175631
0.5296246,0.1342318,0.03903251
0.3680299,-0.6253526,0.6017423
0.3572837,-0.2326951,0.2812766
0.5159682,-0.4867988,0.3179644
0.3932055,-0.05673995,-0.3952888
0.2617777,-0.4835855,0.6349777
0.4773456,-0.0508396,0.3529841
0.6385251,-0.8121831,-0.006755849
0.1334454,-0.1646893,-0.2179665
-0.06121428,-0.2691065,0.3619471
0.329601,-0.3330585,0.4087499
0.2967642,-0.54607,0.03661571
0.5049937,-0.5519646,0.4298905
0.1209504,-0.3611499,0.2756531
0.01521516,-0.8422893,0.6343668
0.2009442,-0.02592243,0.04806698
0.3723939,-0.2133316,0.2288047
0.3104881,-0.297406,0.04596899
0.6126533,-0.3026741,0.3223569
0.4231522,-0.9847809,0.5291481
-0.01332025,-0.4553779,0.4561086
0.1182333,-0.1040933,-0.07197344
0.2752769,0.003777647,-0.2746034
0.08327799,-0.1334388,-0.1296947
0.2475128,-0.4854442,0.01922473
-0.08203286,-0.1249058,0.8040842
0.1317028,-0.6238852,-0.1809554
0.3031148,-0.2855333,0.3767448
0.4907168,-0.4722483,0.1449422
0.4506277,-0.2135589,-0.1722327
0.2386778,-0.401371,0.06611238
0.1979021,-0.334639,0.4973496
0.3609907,-0.2274063,0.2859772
0.2279317,-0.3137823,0.3079128
-0.007092059,-0.6984833,0.5307308
0.7730384,-0.7260159,0.2510761
0.5367552,-0.4305539,-0.2649924
0.3752358,-1.066692,0.4904813
0.2581827,-0.567399,0.04814166
0.4248621,-0.1015191,0.2284832
0.6280515,0.01261142,-0.07507995
-0.2774523,-0.7522385,0.3105311
0.5544716,-0.3265927,0.006849907
0.01422289,-0.3299306,0.3092822
0.2811067,-0.5558146,0.4650326
0.4356405,-0.7828768,0.1080227
0.3724476,-0.4298052,0.5269621
0.1574357,0.05465531,0.185855
0.26292,-0.1616474,-0.53987
0.6639074,-0.7529606,0.5470331
0.3105193,-0.8175611,0.02151135
0.3284965,-0.1275254,0.03817189
-0.03642111,0.2694631,-0.09740052
0.2571592,-0.7014505,-0.1658383
0.03195085,-0.510635,-0.3486894
0.1288954,-0.1094064,-0.3437159
0.07024676,-0.1566714,0.1413306
0.5259297,-0.508265,0.4464861
0.09842829,-0.2808194,0.2900986
0.3052195,-0.5708545,-0.4236059
0.5341253,-0.2172446,-0.01788699
0.3242452,-0.4079738,0.02301639
0.4871836,-0.4748226,-0.08268295
0.3333723,-0.5212234,0.2614742
0.3875492,-0.05082572,-0.2200329
0.6102393,-0.2803837,-0.04321066
0.302087,-0.677142,0.4273648
0.9951005,-0.4772375,0.5581403
0.1834578,0.05868244,-0.02555938
0.1462519,-0.597605,0.3915606
0.445243,-0.4730617,0.1109951
0.5167097,-0.261268,0.3532336
0.3869199,-0.09410882,-0.1513132
0.1789461,-0.7363411,-0.1824256
0.3274937,-0.2957868,0.2350227
0.5349798,-0.6242496,-0.06566022
0.2578715,-0.3254868,0.3837118
0.3031699,-0.1815914,-0.1458642
0.4423634,-0.5165666,0.4778331
0.6137194,-0.6068485,-0.0348076
0.5647726,-0.4831854,1.094472
0.8326619,-0.4612616,0.3427962
0.6859752,-0.1898896,-0.04103795
0.5791597,0.009235412,0.0409621
0.09269808,-0.3871173,-0.04458557
0.4338776,-0.3093853,0.07508337
0.9553949,-0.5453884,0.6689877
-0.0356673,-0.6568137,-0.0684693
0.1798807,0.02129865,0.1758817
0.4484028,-0.1117556,-0.1285212
0.5245953,-0.0720489,0.001788482
0.1371775,-0.4906649,0.3003386
0.3263127,-0.7653611,-0.3566573
0.1488728,-0.4815404,0.3863145
0.6607266,-0.4497462,-0.1097851
0.4513369,-0.345992,0.3338264
0.323532,-0.2441782,0.2420246
0.6652771,-0.5765222,-0.155376
0.3573722,-0.5401216,-0.1597775
0.2289283,-0.1454606,-0.09134905
0.2329452,-0.2144804,-0.008519554
0.604197,-0.2004279,-0.004737619
0.3202939,-0.8792609,0.0780428
-0.04979141,-0.4602462,0.5636114
0.4734713,-0.4672954,0.3244296
-0.1053099,-0.3192872,-0.4675713
-0.05491725,-0.4050168,-0.2514326
0.3021727,-0.2941157,0.3790351
0.5558951,0.1826405,0.02328153
0.06919669,-0.3165148,0.585582
0.2793664,-0.7125496,0.3919882
0.2418534,-0.6338503,0.4001368
-0.1331658,-0.250599,-0.2636933
0.2605796,-0.5542923,0.4299717
0.1810163,-0.5155395,-0.5717613
0.2503791,0.4223552,0.0887114
0.4955313,-0.2046785,0.3129597
0.5010804,-0.2906994,0.1778941
0.1910991,-0.195468,-0.1762579
0.3884661,0.1314811,-0.1388507
-0.04456872,-0.4914791,-0.08406046
0.05061661,-0.1696777,0.163601
0.1140368,-0.548565,0.3010529
0.6128808,-0.8510681,1.103482
0.4178715,-0.4496879,0.3339338
0.7216899,-0.5166157,0.5932026
0.3871182,-0.7974548,0.5512071
0.1979431,-0.8652519,0.01994374
0.2292475,-0.313253,0.4433435
0.9361944,-0.07784522,0.6440085
0.4253684,-0.229074,0.3557111
0.5980321,-0.4912847,-0.1518482
0.5771143,-0.07910645,-0.1314634
0.3276522,-0.02651311,-0.09625657
0.5754623,-0.5651893,0.1481937
0.2251427,-0.5865357,0.2948641
0.2927666,-0.1976459,-0.2468055
0.3622465,-0.229372,-0.1218973
-0.09825753,-0.3686024,0.363501
0.3629299,-0.4598651,0.07087629
0.3160252,-0.9031588,0.3355496
0.59589,-0.05981398,-0.06845808
-0.1360451,-0.2025096,0.6179185
0.6463014,-0.009099826,-0.08992507
0.221801,-0.4762121,0.3455147
0.1157418,-0.6134388,0.1989611
0.6818494,-0.6985441,0.6710419
0.3688619,-0.1781875,-0.1155609
0.02422958,-0.0936859,-0.04370838
0.5320701,-0.5086272,0.235359
0.2257454,0.1284632,-0.135806
0.1640352,-0.3815499,0.3491126
0.4810504,-0.1590789,-0.1337089
0.3598374,-0.3817776,-0.09724484
0.6490388,-0.5645949,0.2729412
0.1405635,-0.5397427,-0.4220013
0.3430055,-0.2368235,0.2658626
0.3536502,-0.3410035,0.4089296
0.2715101,-0.6073496,0.9099744
0.2256142,-0.06090385,0.07886853
0.5636937,-0.617934,0.2311582
0.02258395,-0.3809012,0.5203618
-0.01623693,-0.1760076,-0.04203277
0.3876629,-0.2346765,0.321331
0.08300737,-0.3499111,0.07593624
-0.3764823,-0.10559,0.2447702
0.3270124,-0.263619,0.2910354
0.4862875,-0.6469145,-0.2638043
-0.01100547,-0.532287,-0.01953737
0.1368781,0.06915921,0.2686075
0.4583073,-0.4605284,0.3304268
0.1972013,-0.1103099,-0.2167301
0.2644756,-0.1417656,-0.1501549
0.3101001,-0.2050025,-0.07965882
0.3213296,-0.2366318,0.5234588
0.2246938,-0.1320443,-0.2912805
0.1201733,-0.07632458,-0.007198322
0.4665355,0.06621428,-0.2084391
0.1551226,-0.1059854,0.240711
0.05678233,0.02403647,0.1215986
0.1848439,-0.2570212,0.1274444
0.2637967,-0.7639393,0.5719768
0.5709451,-0.1541325,0.3071239
0.1002579,-0.5745614,0.068864
-0.07684128,-0.5183644,0.6776813
0.6275228,0.04201232,-0.3096381
0.2146901,-0.9137787,0.5901064
0.8016139,-0.9349507,0.1249915
0.07657246,-0.4121605,0.4081927
-0.1305084,-0.4634678,0.4184847
0.1725825,-0.6884282,0.394574
0.1699404,-0.4726842,0.3284163
0.6211622,-0.1256707,0.2032271
0.1533855,-0.1550125,0.137602
0.3898096,0.1900275,0.1405122
0.604721,-0.06653307,0.241213
0.3836253,-0.5577921,0.4386904
0.5682532,-0.3781053,-0.09556516
0.5179161,-0.1792652,-0.2092066
0.8148897,-0.4786476,0.5379844
0.4913157,-0.158388,-0.116892
0.3246404,-0.1605009,-0.348371
0.3805926,-0.2546396,0.2831336
0.05276354,-0.1323861,-0.3616526
0.5725042,-0.4305509,-0.2441359
0.3386678,-0.1185787,-0.173063
0.171579,-0.1175879,0.2304592
0.3371266,-0.5719955,0.3957916
0.3144937,-0.2787111,-0.7400296
0.7383525,-0.5243506,0.3799477
0.3192745,-0.2734783,-0.4265897
0.2618327,-0.3139744,0.2564401
0.4395345,-0.4753856,0.06251634
0.02728708,-0.08186544,0.07870637
0.5353607,-0.1473702,-0.02677
0.05121438,-0.5373773,0.4189966
-0.1687526,-0.3237672,0.2861295
0.4245577,-0.3379677,0.1461787
0.03005384,-0.3958869,-0.1640224
0.4389773,0.0630164,-0.1482286
0.6462661,-0.2951797,-0.05431355
0.7228312,-0.8037639,0.50528
0.05814173,-0.3994633,0.001125418
0.5590616,-0.2661685,0.2249912
-0.04490974,-0.2996472,0.4910693
0.3510901,-0.7000576,0.07965925
0.161933,-0.3209596,0.460894
0.8624633,-0.4523123,0.6527068
0.407875,-0.6821026,0.4479815
0.4393749,-0.02491568,0.2605084
0.2751369,-0.4567041,-0.362976
0.03306036,-0.3079948,0.01744575
0.3631852,-0.252079,0.3240708
0.4217442,-0.2605575,-0.5085155
0.5576902,-0.4287565,0.01190545
0.4799363,0.125467,-0.2000929
-0.02251562,-0.3319236,-0.4146782
0.4077348,-0.6153363,0.423729
0.04868801,-0.4569292,-0.5140396
-0.04293087,-0.2326993,0.1403373
0.6238615,-0.1182832,0.05453962
0.6380627,-0.05411291,0.001343349
-0.2662791,-0.232797,0.192073
0.1223352,-0.03835947,0.2607376
0.6078663,-0.6837767,-0.2504016
-0.01164977,-0.3657063,0.5308543
0.5265743,-0.7879614,-0.4462629
0.1637924,-0.5770569,0.3661509
0.3433225,-0.5520434,-0.123257
-0.1463992,-0.7212386,0.438763
0.3789135,-0.2283012,0.3404789
0.525958,-0.166122,0.2264889
0.3555461,-0.7107463,0.525767
0.2456945,-0.814841,0.3174447
0.6930339,-0.6409209,0.4480568
0.5011624,-0.5086395,-0.06817525
0.004467726,-0.2750815,-0.5251345
0.3764569,-0.2188901,0.2958619
0.005378485,-0.4504403,0.2284267
-0.06997994,-0.3665369,0.4288299
0.3824528,-0.2652759,0.2546009
0.3463813,-0.6974627,0.5419993
0.5114254,-0.0671793,-0.4472165
0.5902224,-0.2549234,0.002834523
0.3771225,-0.5840218,-0.273602
0.01409137,-0.3120234,-0.02380749
-0.2030428,-0.6020647,0.5563865
0.4312507,-0.5038497,0.4822536
0.2834425,-0.7013932,0.06244294
0.2860597,-0.3086879,0.4044866
0.1902222,-0.1726647,-0.08367465
0.2893572,0.1744722,-0.1731285
0.6775907,-0.4761091,-0.09681333
0.3106338,-0.1718397,-0.1478413
0.2827528,-0.7716225,0.02272788
0.5815111,-0.172981,0.01347344
0.1983801,0.03066318,-0.1219197
0.4529143,-0.4620299,0.6018717
0.5170487,-0.6028418,0.4422936
0.4196815,-0.171463,-0.1044678
-0.1145454,-0.2082715,-0.09667286
-0.1015763,-0.5605039,-0.1466195
0.8098897,-0.3396321,0.7335435
0.4963974,-0.6484082,-0.2754104
0.4450514,0.1178923,-0.09848203
0.2990973,-0.2043702,0.5419205
0.1819393,-0.1592756,0.1813731
0.503673,-0.1573955,0.06845623
0.02244633,-0.4731839,0.07616686
-0.166263,-0.2977088,0.1116106
0.3434531,-0.4856604,0.3450359
0.5538489,-0.3028666,-0.1584482
0.03361506,-0.2126946,0.03819564
0.2574562,-0.2764388,0.326445
0.3427899,-0.5985568,0.5807541
0.1835378,-0.4008267,0.2142547
0.4862445,-0.3844867,0.0996897
0.7263616,-0.5828699,0.2315859
0.5004073,-0.4175602,0.1783051
0.2483298,-0.8481872,0.250057
-0.04401186,-0.4988083,0.1271964
0.381477,-0.0709185,-0.7209258
0.1478142,-0.393634,0.2720833
0.2855854,-0.3393556,0.3558355
0.01676425,-0.6434075,-0.4950595
0.2434783,-0.596608,-0.01171946
0.05721158,0.1361983,-0.6925721
0.4334443,-0.4285167,-0.2165062
-0.1401584,-0.4678291,-0.3800382
0.2071626,-0.530153,0.5371571
0.1255414,-0.1707232,0.2294799
0.1930281,0.3064837,0.1205852
0.253699,-0.3508829,-0.1368788
0.5614561,-0.2337344,0.3493808
0.4932055,-0.3833806,-0.2304344
0.3199442,-0.001814496,-0.2828774
0.3942301,-0.3412667,-0.1621083
-0.04353678,-0.1155677,-0.07132398
-0.06291169,-0.1032212,-0.08459082
0.2743077,0.0002582893,-0.1438412
0.4054805,-0.2826754,0.2515014
0.1724795,-0.398214,0.2001645
0.1709827,-0.4145693,0.003878865
-0.1225247,-0.3204888,0.1829704
0.3608211,-0.6399183,0.5138592
0.02216621,-0.4157279,0.4393204
-0.07605261,-0.8515099,0.3690906
-0.1395896,-0.538362,-0.1478126
0.1901122,-0.6350513,0.748486
0.1445177,-0.06176515,-0.2131613
0.6442989,-0.08944803,0.07129021
-0.1533585,-0.2557305,0.6600463
0.5872076,-0.2254683,-0.04040409
0.8551083,-0.5544401,0.7368281
0.5346295,-0.08257806,-0.1022143
0.4653665,-0.8529459,0.07874831
-0.08840743,-0.4660191,0.6036199
0.1643253,0.1507687,-0.1465185
0.2626339,-0.2306568,-0.06434645
0.5728577,-0.3968078,0.3408637
0.5804886,-0.339621,0.334558
0.3210921,-0.5291083,0.4533983
0.6240641,-0.9277191,0.4440995
0.2940197,-0.2934104,0.3668732
0.481659,-0.164548,0.2662198
-0.126691,-0.5870998,0.261585
0.4765811,-0.3622404,0.3070745
-0.1986855,-0.2708457,0.1361669
0.4120802,-0.3584942,-0.01092429
0.5787087,-0.2484852,0.2864309
0.3057586,-0.2833582,0.2824863
0.5525293,-0.007750273,-0.1238855
0.2789284,-0.383252,0.2843526
0.1075772,-0.3212579,0.4767261
0.02867568,-0.006130353,0.1154775
-0.2792148,-0.7737327,0.3210224
0.6150901,-0.2684851,-0.02177931
0.1251375,-0.1342615,0.06947174
0.3936417,-0.3040959,0.1060059
0.2694789,0.08499818,-0.04795726
0.6765321,0.1101034,-0.3278201
0.2915678,-0.4522783,0.2584049
0.3725651,-0.514077,0.4025437
0.3580622,-0.4887242,0.4125223
0.07959104,-0.5459278,-0.06483866
0.2778122,-0.3775435,-0.1704422
0.2015338,-0.3588356,0.02714591
0.3697513,-0.2419468,-0.1480502
0.5796406,-0.1882237,-0.1897351
0.03902607,-0.9804719,0.7025909
0.02477008,-0.4033783,0.2587446
0.4704206,-0.5396785,0.1927084
0.3565889,-0.199845,0.3152017
0.5831761,-0.2506889,0.002461776
0.2475529,-0.9247777,0.09905084
0.5100662,-0.1008266,0.381692
0.651421,0.03495691,-0.4431425
0.3886205,-0.6903831,-0.331274
0.3813332,-0.2867871,0.3410132
0.4068819,-0.4287064,0.2062169
0.6012133,-0.5594542,-0.008949085
0.1056899,-0.04760843,-0.1164534
0.05586055,-0.7290311,0.867546
0.6180497,-0.04484883,-0.002104878
-0.0795581,-0.4855064,0.4892456
0.5227519,-0.6671641,-0.03100106
-0.2232977,-0.155298,0.1523843
0.4503428,-0.249256,0.3294888
0.3891627,-0.6464972,-0.3013324
0.5877196,-0.08957347,0.1192849
0.5998651,-0.4319894,-0.4595701
0.4055543,-0.735926,0.0905516
0.8609237,-0.699851,0.3560013
0.2696386,-0.4366989,-0.1055815
0.2075633,-0.6883031,0.4212512
0.263093,-0.2323677,0.2434664
0.5005023,-0.6232477,-0.2047586
-0.02152985,-0.294388,-0.06675042
0.3133759,-0.4471996,0.009687174
0.1127431,-0.2705322,0.2076832
-0.2711275,-0.3701735,-0.06773359
0.4090897,-0.3176591,0.101261
0.2952523,-0.156916,-0.1628824
0.1078789,0.08865659,0.06458221
0.4107737,-0.2651848,-0.2681681
-0.1529094,-0.4278791,0.4578231
0.1457717,-0.4651804,0.09222271
0.5723196,-0.3313537,0.08416824
-0.1538109,-0.42503,0.656446
0.5877764,-0.8715827,0.9499803
0.2248878,-0.2039173,-0.724558
0.1792531,0.1058843,0.116768
0.07498966,-0.160258,0.300421
0.3679953,-0.2918212,0.4658349
0.4938334,-1.082404,0.6015485
-0.08433211,-0.4799307,0.3642535
0.1150175,0.3562028,0.1763398
0.2760332,-0.5731037,-0.2136709
0.2018822,-0.6389174,0.3695895
0.59457,-0.1444343,-0.03425275
0.1738136,0.192483,-0.1151757
-0.005968444,-0.2651342,-0.04464303
-0.1565849,-0.292491,-0.01438525
0.5572418,-0.5562383,-0.01292833
0.1493621,-0.0895449,0.1546782
0.08538362,-0.7106628,0.3019526
0.2287836,-0.5089746,0.5781676
0.3217562,0.004685233,-0.5020908
0.3825446,-0.4778151,0.4131648
-0.06353498,-0.1349051,-0.4009323
0.3928499,-0.03009572,-0.4859127
0.2963627,-0.6173729,-0.6675469
-0.04373131,-0.4194687,-0.5129707
0.1718201,-0.988081,0.7286079
0.4362393,-0.4951468,0.2091596
0.2397764,-0.3884386,0.5067664
0.6807572,-0.09810185,0.0653847
0.2076146,-0.1613434,-0.2922754
0.3881703,-0.7267585,0.5157961
0.3883114,-0.1373649,-0.2680897
0.5221806,-0.4134217,0.3345149
0.5716811,-0.8680761,0.963829
0.2313907,-0.5751607,0.4729976
0.7463873,-0.5165005,0.429969
0.211155,-0.2387445,-0.207784
0.1256856,-0.6986707,0.2842509
0.6793413,0.2140979,-0.3843658
0.2036315,-0.8202577,-0.1848448
0.5880323,-0.2073722,-0.02439361
0.3560552,-0.3940767,0.5741034
-0.1161001,-0.2240391,0.28239
0.541145,-0.05824974,0.1284069
0.4047496,-0.2079117,0.3616341
0.1552672,-0.1298577,0.1700761
0.567389,-0.3405283,-0.04677152
0.4710059,-0.2617752,0.2809566
0.427895,-0.6216212,0.2161975
0.2564806,-0.3055035,-0.1815459
-0.00883317,-0.4500164,0.04375365
0.06979705,-0.08413462,0.1211862
-0.1197623,-0.265529,-0.1954325
0.1325247,-0.2654216,0.04507823
-0.2628384,-0.3949405,0.1288194
-0.1267195,-0.5933143,0.3244112
0.4520098,-0.2563735,-0.09521495
0.5835649,-0.1667227,-0.1034992
0.7636881,0.2373774,-0.3227962
0.1788799,-0.6686006,0.8537425
0.758224,-0.4480225,0.576672
0.408752,-0.496664,0.4161106
0.5756814,-0.2691692,0.2609621
0.2712757,-0.1808474,-0.01273288
0.414066,-0.4103814,0.5113075
0.814927,-0.5616261,0.7544727
0.5606658,-0.04275301,0.02130628
0.2634724,-0.3678567,0.06620953
0.5192484,-0.1255393,0.1454805
0.3010093,-0.5549015,0.4042444
0.5582128,-0.4990615,0.5116516
0.1617732,-0.2424118,0.2647202
-0.1434463,-0.7001817,0.2338189
0.3775321,-0.2910488,0.1740829
0.2238662,0.1301798,-0.1050411
0.3031234,-0.5988345,0.1903979
0.1833145,-0.2246049,-0.1572632
0.6424755,-0.6169686,-0.6030126
0.0003843307,-0.4777086,0.1257899
0.1987775,-0.4325284,0.381182
0.4299983,-0.3344908,0.4316776
0.1287123,-0.6476811,0.7304912
0.002858494,-0.1606338,0.1078587
-0.1222909,-0.751182,0.2109869
0.1856416,-0.6370896,0.04491987
0.211605,-0.3287047,0.1322233
0.7340196,-0.8135286,0.20447
0.1355321,-0.001015402,-0.09979479
0.5979464,-0.1896969,-0.06437775
0.673873,-0.5459378,0.6668512
0.1114824,-0.3282197,0.8534225
0.464365,-0.5027411,0.3966518
0.4887989,-0.6310204,0.03089401
0.4112675,-0.548333,0.4494103
0.7320773,-0.03609654,0.01874366
-0.1505261,-0.04236187,-0.5605024
0.4088879,-0.6234746,0.09042202
-0.1346048,-0.3215456,-0.1050355
0.6132526,-0.1772847,-0.03138475
0.2681921,-0.09979722,-0.5138723
0.3643577,0.07072039,-0.1342402
0.172342,0.02205136,-0.1032695
0.172126,-0.1593779,0.07251089
0.8118721,-0.3739804,0.6162433
0.05448446,-0.3034585,0.07834474
0.4798625,-0.09308749,0.1021768
0.1725316,-1.020021,0.5648161
0.03768497,-0.4735217,0.2391936
0.2607765,0.1196129,-0.07462926
0.3399752,-0.008868601,-0.3120689
0.7733147,-0.667511,0.4381104
0.5650414,-0.3514538,0.3219382
0.9901928,-0.4106823,0.7387204
-0.06014842,-0.1998799,-0.2568416
0.04170589,-0.6865454,0.3978286
0.5180598,-0.969608,0.1885428
0.4519048,-0.2783484,0.3019409
0.3821338,-0.417759,0.401279
0.1361069,-0.174332,0.3851697
0.4136049,-0.2019879,-0.4767119
0.5991806,-0.116745,-0.02881553
0.0006422997,-0.8896977,0.1931909
-0.06807294,-0.477654,-0.2105499
0.7456579,-0.5822473,0.6816167
-0.2048716,-0.4097176,0.1514076
0.4514063,-0.6737989,0.3932213
-0.1943678,-0.266315,-0.2457438
-0.02308367,-0.4767749,-0.2749165
0.1035209,-0.7771839,0.04290639
-0.1878141,-0.3268869,0.1695475
0.3165197,-0.8558074,-0.2325549
0.1948365,-0.1199159,-0.0009388654
0.5398845,-0.390358,-0.2929917
0.4203413,-0.1087445,-0.2178534
0.2006735,-0.333302,0.2576409
0.60957,-0.3148113,-0.1087465
0.2902291,-0.7706726,0.6591831
0.1045557,-0.4050069,0.6351387
0.1340451,-0.7500226,0.8789269
0.3608507,-0.4132155,-0.04989902
-0.146104,0.01299976,0.7507859
0.295215,-0.4890216,-0.02348991
-0.113832,-0.2858865,0.3286127
0.1118282,-0.2900279,0.2325177
0.4614134,-0.2582492,0.08186038
0.8606117,-0.9122389,0.3037653
0.6878587,-0.1923923,-0.02773467
0.376558,-0.6442699,0.5108985
0.8450453,-0.5716785,0.747377
0.4467723,-0.6362891,0.4449492
0.4640964,-0.1020733,-0.1522811
0.3611886,-0.2524745,0.2838022
0.2966918,-0.2604396,0.3651873
0.1369699,-0.1696373,0.3450678
0.3033994,-0.2685039,0.310014
0.1691247,0.1675181,0.2329712
0.4079041,-0.2706164,-0.1377293
0.2356627,-0.8210806,0.03423898
0.7613856,-0.9031398,0.9659739
-0.03787729,-0.5359962,0.3286192
0.5722382,-0.654534,0.1704756
0.09455264,0.06111164,0.261291
0.3756807,-0.8015395,0.2055913
0.1801547,-0.6290789,0.4176082
0.2914422,-0.3791122,-0.1544307
-0.02678654,-0.7629393,0.02712756
0.3450073,-0.5862554,0.449368
0.1159945,-0.2783063,0.2029568
0.5464963,-0.4756196,0.2939897
0.2986279,-0.7230932,0.4218254
0.5678349,-0.5713778,0.7685076
-0.01957075,-0.5602273,-0.07125776
0.5902932,-0.2928147,-0.02476811
0.2459525,-0.1296194,0.2907533
-0.07134166,-0.4452667,-0.2849367
0.5861707,-0.9372742,0.4557622
0.4477887,-0.1382922,0.3613885
0.05541033,-0.2529578,-0.4566549
0.1895309,-0.1862591,-0.07703027
0.03772867,-0.217151,-0.2683372
-0.02532217,-0.5918034,0.5831579
0.2897814,-0.6163822,0.4175473
0.07027887,-0.1717277,-0.6878985
0.6055868,-0.2477867,-0.4912546
0.3108458,0.2125383,-0.2095761
0.6526435,-0.6565772,0.4199964
0.2452894,-0.5625438,0.2155855
0.4448709,-0.4607538,0.1654032
0.1682382,-1.000842,0.90274
-0.09004852,-0.3451477,-0.1993286
0.5562152,-0.552089,0.3383546
0.4243606,0.06259779,-0.154629
0.1346302,-0.3465146,0.04780135
0.7182946,-0.5300184,0.6268373
0.3374825,-0.2282356,-0.349215
0.07918438,-0.670134,0.804927
-0.1412365,-0.400824,0.1885565
0.2980562,-0.5642041,0.4546812
0.3560916,-0.2772458,0.2987695
0.4501004,-0.2236768,0.1517918
0.1628113,-0.267082,0.001470224
-0.1212845,-0.7224857,0.413473
0.4451253,-0.09585901,-0.0871606
-0.07942137,-0.63858,0.3576034
-0.05990382,-0.1907506,0.6340619
-0.1431417,0.04107818,0.4808717
0.1894992,-0.1182728,-0.01618719
0.3967467,-0.3407384,0.3683378
0.2608725,-0.4589869,0.08481624
0.4269744,-0.2487515,0.3097081
0.2581184,-0.8996267,-0.1535998
0.2294535,-0.4143019,0.3386866
-0.01456381,-0.2828897,-0.1190106
0.8718919,-0.7475352,0.1728063
0.3226705,-0.3085597,0.3338743
0.34035,-0.4055897,0.2411471
-0.06395756,-0.3153891,-0.2901779
0.4268233,-0.1297506,-0.1058175
0.435271,-0.7840904,-0.2913847
0.2531959,-0.3868858,0.5000003
0.6322222,-0.1249729,-0.0142522
0.1622259,-0.3372742,-0.6344424
0.1153076,-0.2034282,0.3773334
0.3655849,0.1751408,-0.1305152
0.2049267,-0.5494381,0.4229607
1.017616,-0.6932135,0.3494925
0.8941312,-0.8200927,0.3329836
0.09335366,-0.544874,-0.3112575
0.3435514,-0.5459329,0.3767522
0.4108235,-0.3585418,0.4240992
-0.2468209,0.1311326,0.2846498
0.1747976,-0.1392648,-0.201365
0.3148987,-0.6861477,0.3491939
0.8575624,-0.2744018,0.4078593
0.3694019,-0.1314293,-0.3361932
0.1179363,-0.4698902,0.0235094
-0.2852281,-0.4543939,0.4675317
0.6807945,-0.2119253,-0.04421473
0.3191907,-0.2260835,0.2883366
0.07383483,-0.197786,0.001360081
0.1358826,-0.4214171,0.01789561
-0.07888284,-0.6609926,0.652345
0.6052082,-0.0737242,-0.5099981
0.3884114,-0.621328,-0.3344526
-0.01073879,-0.4712057,0.5594128
0.1295995,-0.5820938,-0.3457744
0.01591145,-0.1112108,-0.1728372
0.2357952,-0.2902201,-0.2063315
0.1437665,-0.567746,0.3723509
0.01873366,-0.4215928,0.3446795
0.06542279,-0.07627042,0.05359634
0.3916609,-0.1293542,-0.1515276
0.5681088,-0.1977926,-0.1647606
0.1339858,-0.1370776,0.3308336
0.179456,-0.520256,0.4859785
0.4467693,-0.2293538,-0.1234545
0.2507885,-0.5064896,0.5469
0.3452417,-0.2330945,0.3253555
0.1559188,-0.6331615,0.9954795
0.4114851,-0.2482542,-0.08838779
0.4106075,-0.9135751,-0.2367614
0.1037571,0.06656455,0.2824015
0.4504527,-0.302603,0.325509
0.5024037,-0.4089699,0.2176307
0.6119094,-0.1233657,-0.4749224
0.6509473,-0.321888,-0.1216733
0.4752392,-0.4647363,0.6465595
0.2352599,-0.5599288,0.5988683
0.5495944,-0.07849342,-0.008632749
0.281594,-0.5837912,0.4045427
0.026599,0.01382096,0.1528852
0.06135312,-0.2134806,-0.1764646
0.1383322,0.2816198,0.2818607
0.6562303,-0.5070184,0.8220691
-0.1977864,0.01716116,0.1688813
0.4920794,-0.1736308,-0.04097166
0.2294089,-0.1811036,0.04148846
0.5428542,-0.4058002,0.334247
0.1631263,-0.1884877,0.06099408
0.4139364,-0.4366969,0.3377437
0.6425,-0.4374797,-0.6181726
-0.04883312,-0.8081843,0.5965723
0.1209605,-0.4847188,0.088737
0.3093515,-0.5352989,0.445709
0.1979773,-0.3711433,0.4873747
0.2870593,-0.1224977,0.1583142
0.3856362,-0.9640045,0.03436741
0.1188342,-0.3457682,0.3607471
-0.1010869,-0.440616,0.1410891
0.05556678,-0.3110545,0.5180135
0.1096267,-0.3390058,0.2899957
0.4336993,-0.3392617,0.04695304
0.5050229,-0.4284553,-0.3091422
-0.09647468,-0.4915848,0.1585349
0.1427614,-0.2422457,0.5681546
0.3792474,-0.03868971,-0.3904127
0.1797717,-0.3052627,-0.2952552
0.5188908,0.01503742,0.1030521
0.2081719,-0.5665209,0.3727305
0.5656061,-0.2388603,-0.1763376
0.5735131,-0.2122918,0.01318097
0.0860073,-0.1613041,0.2980057
0.1086035,-0.4090941,-0.5889804
0.5602434,-0.2836507,-0.1888576
0.5777921,-0.3191551,-0.01450397
0.2992549,-0.3946688,0.1744273
-0.1243642,-0.5137193,-0.1629547
0.4920373,-0.1566306,-0.5192584
0.5300254,-0.3476626,0.2144811
0.289576,-0.279537,0.3396241
0.2238746,-0.09162211,-0.3996542
0.3454593,-0.2667734,0.3529919
0.5190358,-0.4996577,0.4406266
0.2637453,-0.2307993,0.4623072
0.3156992,-0.2997136,-0.2880993
0.612088,-0.05305701,-0.2452875
0.1869767,-0.4337254,0.2710819
0.4644201,-0.1345655,-0.09491474
-0.2030256,-0.3040275,0.6344786
0.2476924,-0.03995375,-0.3310052
0.7098829,-0.5815287,0.3637261
0.6463817,-0.3432386,-0.1034309
-0.2084266,-0.1684448,0.1000232
0.4387634,0.05661687,-0.4109831
0.2769164,-0.7428305,0.1327539
0.1358838,0.0876499,0.03610933
0.06648834,-0.7176723,0.04589488
0.5337009,-0.02990351,-0.4417233
0.1570694,-0.1904464,0.06570213
0.3266009,-0.7219627,-0.4000124
0.4169592,0.2866513,0.04390767
0.3544723,-0.5441672,0.4035276
0.4849658,-0.1351385,-0.09726657
0.5426553,-0.3140927,-0.22044
0.3908248,-0.5809875,0.4761455
0.1354686,-0.07171181,0.3226082
0.324802,-0.4255943,0.04869065
0.03714773,-0.06838985,-0.120244
0.342998,-0.260628,0.2991728
0.3688233,-0.4518586,0.4399095
0.09766205,-0.2279857,-0.005762652
0.2474023,-0.2834593,0.2512156
0.1810989,-0.08729859,-0.2687509
0.03418778,-0.09131417,-0.2370326
0.3239716,-0.154674,0.05170949
0.2702608,-0.4559156,-0.001663348
0.4512012,-0.1423042,0.2732696
0.03135366,-0.1569486,0.2170941
0.506808,0.1284124,0.08563347
0.4988117,-0.3529584,-0.04773255
0.1051088,-0.6180841,0.04342852
0.4909887,-0.3633086,-0.1822835
-0.1674975,-0.3057688,-0.1168151
0.0927742,-0.2787763,-0.07658835
0.1628047,-0.1228392,-0.1060631
0.6836405,-0.1312637,0.06914552
-0.105522,-0.2158565,-0.6152108
0.5136124,-0.4557334,-0.1531208
0.3719779,-0.739063,0.4887551
0.120538,-0.1822927,0.231279
0.1387428,-0.5458459,0.3333929
-0.1873957,-0.8556442,0.2524312
0.5191139,-1.155074,0.3794813
0.4355876,-0.2771136,0.339332
0.2990862,-0.3586531,-0.2148411
0.2182231,-0.4640484,0.3215879
0.8120542,-0.6607858,0.3623655
0.01351911,-0.8731834,0.2058169
0.292383,-0.3811862,0.4403343
-0.1856091,-0.2823208,-0.006054774
0.2506754,-0.6549062,0.6230057
0.148306,-0.1702741,0.1209192
0.6544306,-0.278313,-0.1027249
0.2022796,-0.5266339,-0.01473497
0.8104032,-0.6338567,0.3863589
0.5482084,-0.1031019,0.3085744
0.3215716,-0.6001484,-0.1695683
0.558129,-0.1342954,0.4800711
0.1767918,-0.3750776,0.02441599
0.7906533,-0.4445182,0.5496231
0.5415189,-0.1125067,0.007642895
0.4527115,-0.1687645,0.4015504
0.1376499,-0.4140651,-0.3544451
0.04352875,-0.7121154,0.05683573
0.3464706,-0.05030214,-0.378976
0.2235864,-0.2661262,-0.1863103
0.4288821,-0.2786394,-0.06184762
0.1460086,-0.7751814,0.8110685
0.2119585,-0.6160464,0.49513
0.1797316,-0.08992072,0.1323713
0.2071952,-0.5412967,0.469359
0.5895416,-0.6131828,-0.05814793
0.156061,-0.6935604,0.09685222
0.2051399,-0.4418453,0.3915274
0.030138,-0.2504161,0.02047208
0.5205176,-0.5038084,-0.5544558
-0.3605846,-0.2720679,0.2196984
0.365576,-0.7139965,0.528803
0.4022404,-0.9153306,-0.2637398
-0.1002675,-0.6591151,0.3246221
0.001184538,-0.4326684,-0.05600037
0.5756252,-1.091298,0.04992238
0.4552794,-0.2525162,0.3015656
0.399393,-0.2304827,0.2476766
0.1623715,-0.2679411,0.6970221
0.342874,0.3503956,0.09786768
0.2084998,-0.04224422,-0.07707661
0.337589,-0.6127815,0.5671011
0.1529768,0.03868814,-0.1007843
0.2884319,-0.9151647,0.04333697
0.35805,-0.3921258,0.4403732
0.3964423,-0.4835468,0.4257575
0.48403,-0.1855008,-0.067711
0.5219439,-0.06260118,0.2887113
0.238825,-0.3057077,0.0544366
0.4860514,-0.1681858,-0.03174764
-0.1924495,-0.03630324,0.1929921
0.6818621,-0.8882514,0.5367743
0.6820818,-0.4510735,1.007769
0.4766287,-0.1202675,0.1191288
0.2896118,-0.5257117,0.4280403
0.1742392,-0.4462251,0.1304388
0.3748425,-0.5972627,0.2131293
0.6741094,-0.5519692,0.6711765
0.03471655,-0.3886074,0.9567864
0.3329012,-0.2808916,0.4650257
0.2584154,-0.2882036,0.2768051
-0.1451629,-0.3503742,0.1620609
0.0007597208,-0.5259446,-0.2594976
0.3512446,-0.2711546,0.3605433
0.348577,-0.386826,0.001081899
0.3455631,-0.3829708,-0.01864334
0.3072543,-0.1833809,0.08207393
0.3758124,-0.3755439,0.4245856
0.5518968,-0.09108686,-0.004412502
-0.1098377,-0.3903421,-0.1038718
0.02140859,-0.4079336,0.5327407
0.3494218,-0.2611625,0.3121435
0.5622317,-0.2383578,-0.2053693
0.2150014,-0.4395889,0.3397272
0.3071213,-0.6167032,0.4283724
0.4619074,-0.3208952,0.2626478
0.8621377,-0.6944684,0.3735617
-0.02425757,-0.09232412,0.5544742
0.7818061,-0.4578513,0.8429294
-0.01237827,-0.06339299,0.05984127
0.4728389,-0.5509325,0.4376796
0.8080313,-0.4581391,0.5881452
0.3396344,-0.7815841,-0.2537482
0.372469,-0.5391323,0.3564306
0.479173,0.07527508,-0.1427557
-0.1235444,-0.475513,-0.005016401
0.4792728,-0.3954479,-0.2783532
0.0672287,-0.7030545,-0.3679173
-0.100067,-0.8219714,0.2588858
0.258361,-0.4371351,0.201549
0.187509,-0.700655,0.1308689
0.1777847,-0.6968929,0.1839176
0.4198667,-0.1130351,0.3879731
0.4267144,-0.1800166,-0.09889223
0.1227539,-0.7683268,0.6838925
0.03096305,-0.01054117,0.1142811
0.4748453,-0.4896384,0.09666439
0.1947031,-0.6688537,0.3770284
0.1346764,0.1232623,0.1461159
0.1041346,-0.2723948,0.01971888
0.2495818,-0.4760597,0.2945566
0.8307371,-1.04344,0.0409919
0.07092167,-0.3262881,-0.281115
0.6613238,-0.1823195,0.05903266
0.6108956,-0.02864903,-0.0833775
0.001560439,-0.08310427,0.0895642
0.1626433,-0.1396579,-0.1077496
0.3024732,-0.239999,0.370624
0.2793161,-0.3175658,0.5413834
-0.05932081,-0.4296097,-0.2350371
0.09523754,-0.190336,0.04224474
-0.05017605,-0.6439403,0.2492637
0.2851801,0.2912091,-0.1897765
-0.08937658,-0.2597641,-0.43152
0.1601271,0.0545037,0.3167283
0.4408407,-0.1254002,-0.1345897
0.7942635,-0.382414,0.651963
-0.1237466,-0.9441404,0.3315877
0.4881064,-0.1700706,-0.03701994
0.1363983,-0.5715877,0.4739187
0.2010909,-0.4997728,0.04379596
0.6332924,-0.7747383,0.799952
0.002863988,-0.346759,0.59882
0.4808806,-0.2178752,0.2279323
0.4070787,-0.4912023,0.3804238
0.269532,-0.7706274,0.0136015
0.9194201,-0.4480663,0.3962702
0.7073801,-0.3180282,0.3474596
0.3868359,-0.6016926,-0.3835325
-0.07389447,-0.4242886,0.4831486
0.2518706,-0.3807261,-0.07049782
0.1981064,0.2578111,0.06545046
0.3476141,-0.6400812,-0.09030068
0.2599055,-0.6881914,-0.01147122
0.4040334,-0.1977634,0.3149837
-0.05911063,-0.1863155,-0.606959
0.3018968,-0.4175361,0.09492721
-0.0385181,-0.6897458,0.3493684
0.01230335,-0.2587813,0.03246991
0.2978627,-0.220806,0.2990328
-0.1218983,-0.2931291,0.2664263
0.616191,-0.6021483,0.6165262
0.1474408,-0.2882401,0.1892347
0.1572241,-0.393013,0.3607276
-0.1644668,-0.7331853,0.3221455
0.3399255,-0.6644772,0.5022762
-0.04229347,-0.1189366,-0.1507248
-0.1227796,-0.2579044,-0.1438952
0.2703495,-0.271481,0.1049215
0.4784008,-0.1476081,-0.07729615
0.3401714,-0.9119653,0.008943313
0.3739093,-0.2609506,-0.5247443
-0.223545,0.02732742,0.2497552
0.5087098,-0.002107561,-0.02688625
-0.04533932,-0.05854582,0.188606
0.2559317,-0.08927943,0.1201113
0.4243076,-0.489043,0.2768674
0.393456,-0.6283724,0.4840661
-0.2415067,0.0002561063,0.3125973
0.2768797,-0.2627587,0.2742192
0.2722453,0.1964732,-0.0982152
0.3227255,0.04182448,-0.2156144
-0.09836656,-0.9223045,0.1399373
0.01652841,-0.2094494,-0.04596142
0.5129158,-0.1498013,-0.01128896
0.2411991,-0.357998,-0.01575558
0.4567179,-0.1461876,-0.08107441
0.07289256,-0.3106706,-0.1883169
0.4065175,-0.4897463,0.1057819
0.6586546,-0.1349806,0.00128226
0.3664194,-0.409591,-0.2036782
0.1318824,-0.3459538,0.5951527
0.4880605,-0.449205,0.3604546
0.2290173,-0.208165,0.2665521
0.4205235,-0.8492342,-0.3017094
0.4341775,-0.3478062,0.2514579
0.7931833,-0.4112143,0.4790276
0.8255307,-0.2867023,0.5948439
0.6057256,0.01620108,0.00158897
0.4681174,-0.1973331,-0.04350121
0.6255167,-0.3679391,0.3898634
0.4003869,-0.2784786,0.1087114
-0.05980454,-0.4241243,0.642538
0.02225641,-0.01396817,0.1125268
0.5799434,-0.1098078,-0.134796
0.1015466,-0.2834912,-0.09969652
0.7749478,-0.807997,0.9453423
0.4688502,-0.6721017,0.4104964
0.4325276,-0.2478138,-0.2965575
0.3010587,-0.08692246,-0.1582139
0.5278165,-0.3549895,-0.1423571
0.004479155,-0.2488273,-0.03815781
0.5086098,-0.5447392,0.2568009
0.3378204,-0.420753,0.006360175
0.4183959,-0.8176931,0.1521531
0.192253,-0.3359846,-0.2756046
0.6295549,-0.2990074,-0.0518045
0.2842681,-0.6706696,-0.1664176
0.4404168,0.01897772,-0.4253454
0.01948356,-0.1023276,0.2034105
0.1998945,-0.3172932,0.1977049
0.3861155,-0.3345409,0.5400229
0.6148717,-0.2429332,-0.02098174
0.1928085,-0.2626926,0.6219684
0.05971251,-0.09067578,-0.1119392
0.3492756,-0.5075899,0.4378724
0.2968868,-0.6173347,-0.4208536
0.323018,-0.2496912,0.2718204
0.3056829,0.4302513,0.1266441
0.4964491,-0.766394,0.1273348
0.6337226,-0.2829523,-0.05975566
0.6536641,-0.05599451,0.01216198
-0.1684583,-0.4883216,-0.3031465
0.148547,-0.4564717,0.4671802
0.6586919,-0.9188809,0.7118881
0.4636247,-0.3489099,0.7009417
0.1698086,-0.6707272,-0.05508365
0.3801998,-0.4739323,0.2029241
0.05334009,-0.5317933,0.4928625
0.64151,-0.5430532,-0.07302076
-0.05470668,-0.3025635,-0.4224435
0.9454094,-0.4236892,0.439735
0.3805335,-0.24502,-0.08343972
-0.1329079,-0.22467,-0.2125547
0.2421115,0.3920079,0.1493559
0.1706422,-0.4491698,-0.4455474
0.2649548,0.3239199,0.1856933
0.7178333,-0.6020436,0.4091164
-0.08253866,-0.3373394,-0.1029269
0.5540593,-0.1693104,0.3040094
0.4336426,-0.752829,0.3693394
0.1564781,-0.228648,0.4505361
-0.2332772,-0.3073649,0.2273759
0.1237353,-0.1025937,0.1139118
0.1153076,-0.3015417,0.3415346
0.1895806,-0.05530275,-0.3062593
0.03091303,-0.1708041,0.2855667
0.6758239,0.2190013,-0.4130258
0.7566658,-0.513058,0.4668532
-0.1148432,-0.7062889,0.3780868
0.248217,-0.6557174,0.5066488
0.2300146,0.03626925,-0.1271641
0.3329653,-0.2996522,-0.07661434
-0.1537501,-0.450601,-0.3173862
0.4016382,0.1893811,0.02524173
0.3869003,-0.3192108,0.08630446
0.353218,-0.3830488,0.3173492
0.3345026,-0.669995,0.4407752
0.3976235,-0.413727,0.520963
0.2138746,-0.3751296,0.4852253
0.1823323,-0.0718768,0.3793471
0.2607355,-0.5579397,0.3991918
0.1519507,-0.2801332,0.4353966
0.3629979,-0.6622669,0.4729792
0.2715891,-0.3140329,0.3621439
0.374277,-0.1807148,0.3454931
0.06109358,-0.3184285,-0.03496792
0.1907905,-0.1132186,-0.02960684
0.4961268,0.01833517,-0.3845157
-0.1591045,-0.1595437,-0.1236601
0.9082583,-0.5790805,0.8175234
0.3211793,-0.07403264,0.1372747
0.279453,-0.356842,0.1970495
0.570928,-0.09444952,0.0404796
0.5136172,-0.1216614,-0.00369972
0.3726842,-0.1785137,0.2257922
0.8303317,0.1806112,-0.2232466
0.5536565,-0.1572853,-0.2329548
0.4272495,-0.3280861,-0.6996754
0.07362281,-0.3614791,0.3912355
-0.1747356,-0.8474518,0.5982725
0.4984534,-0.2912449,0.2830495
0.1718443,-0.2398351,-0.1970865
0.1350043,-0.04935357,-0.2023721
0.609143,-0.09590746,-0.04978718
0.113886,-0.5124595,-0.5084761
0.07965106,-0.2503177,0.09608442
0.4936425,-0.5764647,0.418571
0.06838296,-0.7411495,0.2291698
0.6027973,-1.123384,0.4461863
0.5688555,-0.1419839,0.2482863
0.02925479,-0.6015356,-0.0807603
0.1188898,-0.3051119,0.2233663
0.4649132,-0.197111,0.3964361
0.2715229,-0.8699943,0.6094337
0.3871252,-0.4993857,-0.4516465
0.3460053,-0.7843692,0.08938316
0.02102551,-0.3209656,0.8144222
0.5755887,-0.1522767,-0.09099253
0.2910804,-0.01927146,-0.1406807
-0.1697456,-0.2982467,0.1014682
0.1510979,-0.5468147,0.34364
0.03233488,-0.2948955,0.02934318
0.3137017,-0.3198305,-0.2638984
0.6044071,0.07574721,-0.3858855
0.1468882,-0.5618765,0.04231749
0.4316327,-0.2178404,-0.1503599
0.2881243,0.294392,-0.2003647
0.5645951,-0.8723681,0.2295904
0.4704429,-0.5438176,-0.1539004
0.07850144,-0.3949721,0.003248908
0.09234586,-0.7422914,0.866348
0.08586327,-0.1316834,0.2891433
0.4818063,-0.9359427,0.08387391
0.2485096,-0.2805211,0.02242034
0.6237782,-0.189891,-0.09492396
0.5500647,-0.1248861,0.02002856
0.5208185,-0.2323018,-0.3106989
0.626783,-0.3887612,-0.02208797
0.2251544,-0.06692594,-0.5155991
-0.1877934,-0.03478914,-0.5256787
0.07020715,-0.1601589,-0.04734676
0.2392767,-0.3126661,-0.4409239
0.1362561,-0.08461484,-0.1823654
0.2250386,-0.2549756,-0.2107343
0.4376919,-0.1493649,0.292752
0.170853,-0.4914932,0.3141358
0.07867559,-0.2159131,0.5202637
0.1569156,-0.853587,-0.05388919
0.5522035,-0.2529246,0.3582385
0.1970336,-0.3347009,0.1752534
-0.00891149,-0.3405178,0.331375
0.3075281,-0.8103172,-0.1470407
0.2259759,-0.1506804,0.6817492
0.1148071,-0.0791278,0.2169916
-0.03254232,-0.632878,-0.002949029
0.4818974,-0.06624666,0.3930415
0.1957342,-0.3992845,-0.2238694
0.3737037,-0.8843101,0.08600742
0.5906216,-0.8550304,-0.4078449
-0.2174316,-0.3915842,-0.2181453
0.2105815,-0.2365126,0.1329453
0.2044247,-0.1573184,0.1072509
0.3866529,-0.7431528,0.5140343
0.1689927,-0.3731886,0.1798848
0.368575,0.07746413,-0.2089969
-0.2764543,-0.2932199,-0.1464137
1.00291,-0.6179042,0.3455982
0.001946643,-1.014301,0.3286622
0.4571555,-0.2714099,0.3110542
0.02041164,-0.2442138,0.5253699
0.4929412,-0.04773638,0.2198092
0.1850958,0.129602,0.06269965
0.2434114,-0.4045624,0.5739803
0.04854871,0.0008728281,0.1047858
0.02654791,0.002974421,0.1106411
0.1255782,-0.6922204,0.02965899
0.4702691,-0.443548,0.2908671
-0.01726137,-0.3526675,0.1174338
0.4311836,-0.4395976,0.2854968
0.1825301,-0.91355,0.3162858
0.2346875,-0.4222027,-0.3332973
-0.1098748,-0.3522091,-0.2095171
0.5395802,-0.3823589,0.4887418
0.06172213,-0.4955519,0.7267197
0.1903608,-0.5787785,0.3517069
0.31001,-0.3261282,0.3026671
0.2904468,-0.4657605,-0.1885121
0.02538811,-0.09287994,-0.344362
0.4641267,-0.1415535,-0.05744199
0.07055244,-0.8312902,0.3733433
-0.1979385,0.00442332,0.4123254
0.318754,-0.03536329,-0.3213488
-0.06989432,-0.5813861,-0.1188002
-0.2123947,-0.4499798,-0.3179063
0.5773541,-0.4307683,-0.0962308
0.2115903,-0.4541041,-0.2942003
0.02930814,0.1466034,0.002267823
0.3853447,-0.1991074,0.2452258
0.4767943,-0.322462,0.2367883
0.02651123,-0.1009051,0.1413291
-0.09483507,-0.5607676,-0.3220187
0.4656536,-0.2811006,-0.2864103
-0.1474081,-0.3782463,-0.2548389
0.4667595,-0.7401469,-0.3469397
-0.1244204,-0.2964873,0.6966425
-0.2315001,-0.8695267,0.4949408
0.1652464,-0.621969,0.2945066
0.4031117,-0.2717191,-0.02470699
0.2062113,-0.4591902,-0.359599
0.1847695,-0.5797607,0.4364237
0.5604881,-0.1378195,-0.6013846
0.3613126,-0.1961848,0.2919667
0.3850704,-0.4457592,0.404475
0.5648053,0.009215206,-0.4264346
-0.01856476,-0.4335877,0.5281236
0.1456907,0.4322788,0.1132326
-0.2758355,-0.111188,0.07112698
0.1227175,-0.2885389,0.5272903
0.496273,-0.1574306,-0.1306626
0.6256088,-0.8761805,0.2433953
0.4494908,-0.1971557,0.1173911
0.227217,-0.1357086,0.08743435
0.4428393,-0.228373,-0.1299982
0.4672644,-0.02334169,-0.1149803
0.1853309,-0.8540229,0.4130458
0.7724963,-0.4064982,0.4493241
0.265983,-0.3681411,0.05960524
0.2938929,-0.2529984,0.2563216
-0.189827,-0.4265767,0.4232038
0.5906779,-0.9153317,-0.1168392
0.1481601,-0.07823548,0.1636722
0.5263366,-0.07358591,-0.08668583
0.5479527,-0.4800234,0.4173482
0.1983707,0.01872211,0.2435663
0.5690563,-0.371737,-0.1560387
0.218613,-0.187471,0.07128349
0.1552305,-0.6726828,0.2210134
0.4599345,-0.5236319,0.4373655
0.01240268,-0.4264594,-0.4767822
0.1757368,-0.3266137,0.2489246
-0.01997241,-0.7153016,-0.07058147
0.2633868,-0.9112121,0.01462045
-0.07567934,-0.2099459,-0.06777469
-0.1038948,-0.2223187,-0.3769993
0.4480686,-0.2567246,-0.08179258
0.92619,-0.7265182,0.1789384
-0.007275194,-0.3234686,-0.1107339
-0.02564954,-0.4315822,0.3718487
0.1472339,-0.1137448,0.4997888
0.5735727,-0.1955451,0.02223932
0.6327015,-0.3597255,-0.09177965
0.5621449,-0.7807688,-0.07893485
0.4263083,-0.2483941,-0.09119688
0.2491012,-0.1739244,0.09839641
0.4502452,-0.5514065,0.0892318
0.3954232,-0.7028942,-0.3218855
0.1259132,-0.6811579,1.010383
0.352505,-0.3424489,0.03838113
0.9155665,-0.7035359,0.368372
0.5476771,-0.1710109,0.2304108
0.6754599,-0.6245149,0.8094014
0.178407,-0.2873046,0.1220487
0.6190456,-0.1621894,-0.1303614
0.01893326,0.02121238,0.2461016
1.047122,-0.4387937,0.3273621
0.8708175,-0.7621611,0.3629438
0.3767445,-0.4616137,0.4008681
0.474657,0.04740074,-0.1878322
0.1996873,-0.3888621,0.4896181
0.4341186,-0.3192073,0.3563084
0.5779815,-0.4167356,0.05528559
0.4070256,-0.1099406,-0.1460405
0.3508519,-0.5823296,0.2962739
0.9734431,-0.5015386,0.4958149
0.2046907,-0.2428047,-0.5352384
0.01370065,-0.1754307,-0.2228037
0.5685984,-0.7161461,-0.05347258
0.2692054,-0.8508009,0.05862737
0.7711632,-0.6268459,0.3528453
0.1964249,-0.2006115,0.1942279
0.4147267,-0.1516605,-0.1725709
0.3740884,-0.2444358,-0.1230073
0.1758763,-0.1834091,-0.02315209
-0.2136366,-0.5182447,0.5227838
0.7526357,0.3642985,-0.3695059
0.3142626,-0.4542816,0.5596409
0.3903348,-0.4875085,-0.102853
0.6288301,0.2977573,-0.3801148
0.2125801,-0.2985052,0.404897
0.3365385,-0.4302674,0.05893328
-0.1754513,-0.4365988,-0.3042094
0.4057556,-0.274029,0.2784042
0.3210953,-0.9149436,0.04290706
0.4174708,-0.4254672,0.2423036
0.309767,-0.3491099,0.02988145
0.2192655,-0.218408,-0.6612505
0.8023984,-0.7487237,0.8821622
-0.2440346,-0.3008468,-0.1000462
0.1511426,0.1605508,0.1981056
0.392892,-0.7681689,0.1074463
0.3255773,-0.2465906,0.2776935
0.8480275,-0.4213125,0.7388475
0.1657992,-0.3511527,-0.3740039
0.9201733,-0.3511004,0.4037418
-0.1527601,-0.1723241,-0.09496757
0.4205014,-0.2013323,0.3520867
0.4624135,-0.09121809,-0.4807816
0.1668496,0.05071042,-0.06759177
0.3820191,-0.5090635,-0.3606873
-0.04244711,-0.2796739,-0.07743542
0.1793868,-0.2396814,0.4488247
0.1215304,-0.9445865,0.858775
0.1173331,0.07176429,-0.008457929
0.3146778,-0.2661325,0.3033933
0.1999456,-0.3429379,0.2621774
0.421885,-1.067553,0.6088417
0.2035814,-0.07668485,-0.3272036
0.29058,-0.5649129,-0.003514551
0.2810113,-0.5397673,0.4250951
0.08925305,-0.1575543,-0.006695408
0.4455898,0.1420001,-0.06996346
0.2798919,-0.2471512,-0.5569402
0.3951998,-0.2128378,-0.1087831
-0.05391245,-0.3420081,0.2178804
0.4454141,-0.825663,0.1312671
0.1757395,-0.5655027,0.4906161
0.4712878,-0.2428909,0.07660037
0.3094133,-0.2627427,-0.1448142
-0.05574259,-0.5059056,-0.2174572
0.1852562,-0.7918686,0.02157091
0.446634,-0.9425886,0.07269936
0.5496036,-0.1930401,-0.1437895
0.2101673,-0.7122228,0.3150492
0.5060387,-0.5080361,-0.5288748
0.7200416,-0.9122259,0.4598765
0.2271586,0.09099749,0.2059388
-0.06074467,-0.07572895,0.1653715
-0.1330846,-0.3408613,0.1734195
0.3633473,-0.2182981,0.2906227
0.1603224,-0.1482835,0.09862814
0.1552314,-0.3385037,-0.3634491
0.8648999,-0.4347264,0.4575207
0.5796432,-0.1054664,0.1103768
-0.1713974,-0.1461695,0.4700914
0.3568624,-0.555155,0.4348019
0.1154363,-0.3194854,0.2396301
-0.07364573,-0.2322119,0.7222952
0.02256909,-0.2320565,-0.01178077
0.355714,-0.9142492,-0.1369177
0.4162331,-0.485314,-0.1662258
0.8682864,-0.3232009,0.6753463
0.3337367,-0.5261421,0.3857474
0.1361132,-0.6726088,0.07895778
0.1707461,-0.6167387,0.3944792
0.5430522,0.0273596,-0.07726493
0.8623954,-0.622584,0.3458595
0.4759502,-0.3350177,0.1422569
0.2351452,-0.3041052,-0.1584584
0.2562869,-0.04739692,-0.3515019
0.4850123,-0.2576265,0.3213435
0.4166434,-0.1313079,0.3474222
0.1155812,0.03722669,0.2794629
0.3359098,-0.7709926,0.6417227
-0.06675576,-0.2294093,-0.3024214
-0.08707784,-0.8070971,0.5810351
-0.09774771,-0.4304726,-0.0953823
0.6004078,-0.2261792,-0.0251118
0.3536225,-0.8892854,0.07603909
0.2586201,-0.2899373,0.2241017
0.120184,-0.684707,0.7469687
0.4873469,-0.2285865,-0.0460777
-0.06490514,-0.2705706,-0.2314818
-0.1705818,-0.2938236,0.0854948
0.08701375,-0.2529666,0.3000206
0.1376986,-0.4849791,0.1208946
0.4668273,-0.2312845,0.2849768
0.8289765,-0.3457589,0.426887
-0.1252015,-0.3316056,0.02179753
0.7238566,-0.5410485,0.7114928
0.3440802,-0.0183211,-0.007421121
0.5404155,-0.5626559,-0.09588437
0.1855698,-0.4107457,0.4021555
0.295386,-0.3951292,0.1785266
0.06770229,-0.2430278,-0.04783601
-0.1795271,-0.3555386,-0.0489451
-0.07216002,-0.4864981,-0.1305462
0.3412736,-0.1829851,0.1833183
-0.07351431,-0.6166967,0.5124083
0.1740213,-0.1237093,-0.1599535
-0.04987824,-0.7272571,0.501936
0.1350302,-0.7875428,0.5632827
0.3709918,-0.2699484,0.2968484
0.4297147,-0.2661757,-0.5893868
0.4181214,-0.2047115,-0.148232
0.2298135,0.04093042,-0.1037416
-0.02562268,-0.536944,-0.08633325
0.5490782,-0.5106782,0.04261262
0.09517657,-0.2028282,-0.007944066
0.00405854,-0.4839683,0.4894007
0.6498487,-0.05722433,0.03361825
0.2920851,-0.593247,0.4035265
0.4836502,-0.8841369,0.1665186
0.09958855,-0.5913978,0.1140743
0.3352307,0.3793703,0.1098999
0.7612725,-0.5594304,0.7274299
0.430849,-0.5158815,0.3840529
0.08770752,-0.224571,0.3075092
0.6754684,-0.05102032,0.0267916
